B3O23KEZ,motorcycle
B3A4R5U2,motorcycle
B8C2X4V5,motorcycle
B1M3U8R7,motorcycle
B5M2W3C9,motorcycle
B7Y4V3K9,motorcycle
B1F9X7Z4,motorcycle
B3E8H1T6,motorcycle
B2N7Y9U6,motorcycle
B4B7X8D5,motorcycle
B1N3P8V7,motorcycle
B8G2S5U6,motorcycle
B2G6K4X8,motorcycle
B4F7J1X3,motorcycle
B6P2Z4U1,motorcycle
B5F2J9X6,motorcycle
B8N1X3P2,motorcycle
B9C4X5V1,motorcycle
B3S8Z2U4,motorcycle
B5E2H8V1,motorcycle
B7D1R5P3,motorcycle
B1K7C2T5,motorcycle
B4W3T9S1,motorcycle
B1S5R2M9,motorcycle
B6R4U1P8,motorcycle
B9T7H5K1,motorcycle
B1D8W7M5,motorcycle
B2P7U5S1,motorcycle
B5Z2U1N4,motorcycle
B3K5H8Z7,motorcycle
B6S2V4T1,motorcycle
B8K1X4W7,motorcycle
B2J5P8C4,motorcycle
B9F1M4W6,motorcycle
B3P9Z1C5,motorcycle
B2B4F7X3,motorcycle
B5Z3X6J4,motorcycle
B1U5D3R7,motorcycle
B7J8Z5T2,motorcycle
B9X2W7V5,motorcycle
B4K7N1S8,motorcycle
B9X4P1N6,motorcycle
B2V4C8P3,motorcycle
B8Z1N4K2,motorcycle
B6F3C8S1,motorcycle
B8H3U9P2,motorcycle
B7U1R8Z2,motorcycle
B3X5W9V7,motorcycle
B4J2S7N1,motorcycle
B5H1W3Z9,motorcycle
B8P5F3T1,motorcycle
B6U2H9R3,motorcycle
B4Z2K7D1,motorcycle
B6D1M7Z3,motorcycle
B3T2P7M1,motorcycle
B1R8N3X2,motorcycle
B5K1P9C4,motorcycle
B7X4D3F1,motorcycle
B2Z8F3X7,motorcycle
B9R2S5T7,motorcycle
B7V2H9D5,motorcycle
B6J1W4T9,motorcycle
B3C5V7S1,motorcycle
B2K7H4X6,motorcycle
B8Z1M3P9,motorcycle
B4V5P2R8,motorcycle
B9X2N5S1,motorcycle
B1H9V5R8,motorcycle
B3P5U9K7,motorcycle
B7W9N3T2,motorcycle
B2X4V9R1,motorcycle
B5Z1M7C2,motorcycle
B6F3P1R8,motorcycle
B7K9J4X1,motorcycle
B8P2D3X9,motorcycle
B2R7W9J4,motorcycle
B9H8X4W1,motorcycle
B7K2N4U1,motorcycle
B5S7U8T2,motorcycle
B4B7X2J6,motorcycle
B8F3Z9W7,motorcycle
B6R1T7N5,motorcycle
B9Z3K7X1,motorcycle
B3F7T9S2,motorcycle
B1N3U8M5,motorcycle
B9H1P4R6,motorcycle
B6D1J7X9,motorcycle
B5P9V2N3,motorcycle
B8M3Z2C1,motorcycle
B2X4V5T8,motorcycle
B4F7H1M3,motorcycle
B9R7T4P1,motorcycle
B1S8U5R4,motorcycle
B4K7N9W3,motorcycle
B2Z8R5V7,motorcycle
B3P7W9T1,motorcycle
B9U2X5Z3,motorcycle
B6J8H3R1,motorcycle
B5F3V2M8,motorcycle
B6X2R9C1,motorcycle
